,Ret_^SP500-251020,Ret_^ECO,Mkt
Ret_^SP500-251020,1.0,0.685021936489906,0.6477419283310245
Ret_^ECO,0.685021936489906,1.0,0.7158975200369126
Mkt,0.6477419283310245,0.7158975200369126,1.0
